insert into tb_country (co_vid, co_vname, co_vlocalname, co_pflag) values ('   ', '9IX3S9H5FP72AACEYTQKXYO6EKL5IA', '0HRP1RES5T0LPF7BJYUTGUKR1ABJ7S', '7VFMSJCL6A9ULB8UPM0MQMP1VUH00CY4LS8PTAFM7S5RDL0MFPVTH0JYYWO31O1DVB2T7OPUIVYN0 A7YQG6UADO8WDK99XK1T8H');

insert into tb_country (co_vid, co_vname, co_vlocalname, co_pflag) values ('  0', '9CUXJ4UP0Y L2XDLY7VRCV35VVC0GW', '11HP4GDMHIB46CDUL1N PECOM31161', 'PKV9A8 VNA 21XC6LGKF3WOBAIM2GEL510VH597UDL5BPASDDRK0DPD9M48MXXRFUGQI386Y570HGMNASQ1U9 WCP24MN4WUNLP0');

insert into tb_country (co_vid, co_vname, co_vlocalname, co_pflag) values ('  1', 'KKPEKQJX8MA585WP62RF3K0NQJ41VR', '247VU9LJNKFP7TL2X3QFR3 IBHG3U3', 'J27OTRXQ7GIJ96RQE2CJVNOY6FY0VC43AM6I76GO76KQ88O4S4FUBDJ0K1GLUYIGMEP YMAI8WPKY8WXW4MA83GR60J9T KA5Q0M');

insert into tb_country (co_vid, co_vname, co_vlocalname, co_pflag) values ('  2', 'Y3FRMDHL9JHU6R7DIXX71SN K2CAIS', 'A9GFYBMEXO7OO4PBH0V72IJ9J5L3AP', 'PK9 DJENNWPNJSYYMXEOV54OX74BXSY1XSD94RWRE4G9 N4XG7EQV1NL9P6TDF4T1AR7F2 N76SAVYIDMOQJR0CSQUVLDDPMDDS1');

insert into tb_country (co_vid, co_vname, co_vlocalname, co_pflag) values ('  3', 'EDD56KYHWYBHNKLNLEEAJ5S3 BYL6T', 'XR0PLVEI1Q0HHDQVNU36CSGNWCK980', 'MP510JDU8T5EU8R3M8 18AJ 61J43NWOFOKRM 5GK1Q8S511VM26JYMTGP51D0QF0U1PQM4BRBM32WAICVP1C2QIADP37K17WR O');

insert into tb_city (ci_nid, co_vid, ci_vname, ci_vlocalname, ci_nlongitude, ci_nlatitude) values (1, '   ', 'B0EI0DU2ESPOT6QHCWLJ12SEBI8NDGVWEB4KF6PWA1 KWUVFEQKHVBE1PE0P1APD9LT3G3MN5BDHTIOM6TAPMT6EBS48PSSEIF Q', 'DRG8U2UKG2Q3SPOD16FIQO61SPH OGDHE2MFA97682NC0HYIWFCOTPSI9V64JCDJ5QDG0OSDM7X I18X0I156 9PF335TPRUV5IW', 1, 3);

insert into tb_city (ci_nid, co_vid, ci_vname, ci_vlocalname, ci_nlongitude, ci_nlatitude) values (0, '  2', 'H2XLBSJPWENP38QETB4NRW6P9GU1BE4B5KCTTR1TMAR164T422PRFYOVSB02K6K26P07BFBPOHDU6LDO8WRI991PHYW2SDKEF0FE', 'DGHN732U3740ICT7CD6460P1VPD7IUVNW8LF6DF1ODOX4YVFU9LY18B170F4MB5XA6USFNBWEJBN9EEKINW97F7NJTK G5W7D1BO', 2, 0);

insert into tb_city (ci_nid, co_vid, ci_vname, ci_vlocalname, ci_nlongitude, ci_nlatitude) values (2, '   ', '44RHTR72DV2595HFX3KHRFFE6PC2YLJS66NM1JGGU4LYBNJTRUIT6F 6KVX2 3QM6W4SHPPJ8MFPMV ROV0JD1DCHOBQWOQUCPB0', 'GNW5H4WVYPFT8 VUKBHOPVTWWWM771KRG1BOE6M4Y0WI49S8LM78OGMRI7RYVXHI8MKRO66PNEPCD29UG3DNMCV8GPLSQ2F7B5JV', 4, 4);

insert into tb_city (ci_nid, co_vid, ci_vname, ci_vlocalname, ci_nlongitude, ci_nlatitude) values (4, '  0', 'KM02NT5FUYGH97HRGLMUBPXTNRAE35W8IG6F1D4F6J8Q6CVP540BTMXIM04D5R4VA5T2D HTPCPPGVX5H5NWEAT6TOQ0FBYHYO7F', '17MN02K9FEASYJTLTVTTL1CA984UTF2TEVFVR77ISYD0LTB0SW4RHY6B3UQ9JAWOSAFY915K6SB8HPK23TU29622YRS1 NNRE4XC', 0, 2);

insert into tb_city (ci_nid, co_vid, ci_vname, ci_vlocalname, ci_nlongitude, ci_nlatitude) values (3, '   ', 'HE453S0BJJKQVOS6GQQONNNUGDXKA4IABXDPL84S3O2UEQH3JJ6S8VDRY02EMITP0GXN45YLY64MREURDS2YBB8UTVR22X4YVBXT', 'DNXNVM1CNO95AJ2R9 QK1VFL51P9O16J6CITQER30K9OXBNXTHNC2A0JHE8FRBNYHA8YHBUGGI8QFNNP8B6X0RTPOI9NT1I10HBP', 3, 1);

insert into tb_language (la_nid, la_vname, la_vlocalname, la_vdescription) values (4, 'AY6TYCAYJ12US6TRAFNVVGUCSQ21JDKIXRRWQQ6XJJV1PBJOQAPJ31LFJTJUURA9HJAENK91A7LX1WYEW6Q5 1RJGISEHI2CBA3L', 'TCECN8 KPWT82A6POAVNKLICGR18II4N3YEMMPQ0D8HMXXFXKSWP0GKC2DA8C0MQHJJDPCGQEKPJUPFGS6HD4GWB3KNQDRKPN9HP', '8WYMNH17P7 Q2DKAPRT8UJGHXPEJ2WYS54AAAE 8V03 M4MH6OYPA5P9O0682XD9O1XSYFYS9H4IVSX ONGFQMVLS6G490QLQ4N28 04H05IRTDCR8X NQ0N16JIYGFSJ1TCJ66CG7QF BV1B4FCCU5HG5B495WRJL9C2OIGBQ 722EFF8LXV1E2CD433QNCJPC5RW5FKHJ58HXTILJJ3 WACCWX2F5AKJ0ABV72YGK1KMHE9D DL3RYAL2KO5Y7YBPNBAV3GVS X948MX41TC7QDXLC4GNNBGFK0IC7F2FHXQXCVRPKYGF819 1GKS3JLMRIITXEHAKY40NJJ D QO 0OAREC1WREDCO0LQAULJ63IYE2SAM68DAC13LB1AHT9U59Y 7W86L2MYLBGKGFFQ5PC0DOHHFVD8C98YLNJMX KAGFUURTKB6ATVUA4KKSBUGORU66FIQKJIOND6M9178SNFYMOG9WBFIRYPXSBRA4T05GX0YE8GG2IWEU 31Q058G8J5W4SONQ65G07FHM174LVNQSASYOL7D19C4DDSRL84CM1FHNS84PB T PNF1PRRUOD63QARSDW2978XTGID2OF6G 04EU J6GDYSGKLPMHO RT4MQ9EJQTL3MM6KVSAK9PJKKVWQY9FE7YWO51SGOQIU2FVXWU7LM240H7WE8UNLF8UJ7OCP7L1PMPPCKM6VXF3B0BJ4A5X8Q 6TA91N9JVNI 97VCR1J0 3FREHRBWITDQ7O6Y9BIHQW4AI814QODFLBWP09VF5T92DK2D08AV0T8RPGH4PJ9BJQUB9AKIC8CB02XOW8BTL8OQSR9AO4SM75ITV9DCW04DW6XGGYYNL04FCRSRDFCHCEKFIGN74HTNTUMFQH8E7WJ8EJ5DMBK8CQGXT5YKUCIDJTRHC90RLL6QKH9K8JCB1VGWJE72GSYAYWGOE7X2 MIM HWI2SXDSULIDAJHTCTVVO07KJECNJDRCRHY1OT5L5NJ4QERDYE99P2E0YN7VO');

insert into tb_language (la_nid, la_vname, la_vlocalname, la_vdescription) values (3, '4TUFK2H351YL6F1W6 X1ONKRFTK4POHNWKUPWSS4O1XBMX1 GJAR4QLY 1XCMXVOX3OTKPQELCS03D4E MJUHXPVQQU5S1ONHVA7', 'TN50BNJW6P6J XFS LSREUQ4M PI401M64DIEV6LN58TG7GVX11IPF4QGYCG38X1AI5AQ7QD6GMAEUDIM1YUG5KSF5BAN20R P3R', 'T5S0BE0NRLUN9IKLG 31X71FKSIKM XD8Y3AGW 5SSJOQKJMSFHBB457P18V3O8S7KI1P7XFA 7W9GXFLHKY94L9X 1QLU43PET6ORURVKWGROLMIPUKBYET K7IGT08X5BYSMR8E46T BINCUH5QYNWYYKWTID6BKW37ISU2C6XD5LW7R12K9FH4EJ IJMRONXPWS1KB3I37LVOIHP5PIUH4E C83CO2IB8KJL8YFD2LPB3Y74KQ32NTJDWE5 LRDIMRFOKXHG C90BIAJY319QCKN A772FPI7RSH7LM0D2L2BF7OCY0NA7ECCWIIIW2TPNN8QHDS65SJ07MT5ADHT24G5 YMCE7G7BO6LIB3SUJL7PDS7V31S YLX514RC0 AE6M5TBQX16FM FVQ8TNG8ATNRYR0HIJVA5VPTB4RIR8VFV ENUM3CNQPXJ83TXRB86CE8F3WSX8IO1I9A5CT8RKVLBA2NNRD6LDC1X3B70QYODEQYC7O GXBFERRK5A7XBDJJ93ES01KNE2QCOOM0R4NXNE0F4KD0YTU8 KWGJFK4YJHW46G1TTUDH3IDEBUSR740WI2UXB5TWCPU7801YCBR2QVSYV0BN00YVIHD23CUAJG58DV8OIVX56MFY1NK6S7HXM6AM65JEO7N14O7MNPI6F59O5Y4L46ACGJJU0FHJXWV74VQJNHU8FSIL3IJSNDAG5EYN4YNAWS6Y UYEW7537TSABC 8X4QSE02L0F5CSMP4CW7ADBC5RBVKRVH7PP60D08X7FJIBGC9V77IHM6F6DWBVVUHN7E UFJJBHHTPVSJBVVFAF4PKX8NOLOMHQHP2PW YY2ERRIRFWFOBCIA2UKSPOBR 7TBTP0GR6KMQHSGY8DXLFE9SWU425WQXI04GOBSFEMWJQMRQNI2Q6NB QA6BFD06F1LTB3JMP1WHOUGLXW6UFVQUYGQMDFPJN2BBPCU551DHW11EOWFNHJKM13KM9KMYQM4VAVJPN19YBLL2E5790SGMD');

insert into tb_language (la_nid, la_vname, la_vlocalname, la_vdescription) values (1, 'IVBLMCCD5XG0GWE5KOTG5IM686G9CWPC9WNB8ASJCMH29949 QUSTO3UXABR7UA8HICPMIHJ57HB9E85DLP0PG3CCPYJ6M5SXOP2', '5EFW 4 GPA G 4EEWJRDE615KC3JARCVBQGRLXF43P6E9VSA2SEKKVCLHI10LUKUM93GUONJ1UUXW31YRPABB5PLQPSOHCWDAMND', 'REUDT6VJPOLBKQ8EF22HHNA0WQ3KA3ESPAPPHS8MQQGNV32MUXX2PTGC0PEWDOPWCOI0VGVIAJ4NTINMV4BH39A C3MA2 YVL025LKVC FMFBHV 28SC6QU1LU11RBJNN NE177BR0LI42N4AXFN7N7LU3IVHKX7 C6HD30FRY3TP2YHM5UQ91ENF6EW6DLCE3 IJLCLG6TNCWSAIV7G7LL2VHNNGY1TWB XBRDNLOVQ3N5QNC6 NQXN5NN2T7S8TAOO7A8C7N08T03YYV   GK2CFFHHQE6SF 2IJ6CKEGO3EQXQYDEGFSYYQFMFPI3OBFUAID6AH 1DV5JHAKQ YRTONPOH0PBNP14GU5B7HUMS3HN0NGSC3T1JEU786O57GFFLVR5I9X8CGYXF0BR2G9YTDW5 F3Q0OOP5KJWLQL1RYP03I1DGCES23JVVJQ55IFBCKUT62OKLA1GOG0MMQNP6AW5V29EUBT0562W9INU3Q7O496YG7EP8RN7M5JDQOJXCAM84HG9FBI1LI AL22QPK1MNKDUO7VNHJYNALKLEN9RO GVH84O8VTC7TLJRRJ6W7KYML01P1U03K3CDA39TY9UA122GCUUO5YW7CB7QFNVWBYU7GG5QC6VRYQYF1LGPYN3HYM3QG3AHHLTTNTXHNXO82JKO757PV813LG5PCN5FG76RFR3WOCV2EFAHADO4RC61O16E1T8NPD7D0V 2CWHGRFCDUQW66LUIO FE338C BNS8UXFTHYCJKV6Q49VANA2BII0R2QY4QLXMC3K9L3FRXX0S1L1Y8NIEDGEX98A3UJGD4LH68687KF85I39O1 WYUSF5C5B2HGVBVFE3WV36O9K11FVMV8M4OASLXSDEVNFXEISRO60RD6YUQM1MHBB788Y5QD1IXV4DIOG26MWLUVL363O4QYXNDB5BE081 9TF1OH0H2D2DX0JHQHAGUN3HLF9QR1SXD2KV27UBQV54S10DQ WKL CHJLUGJYO85AXWGAWTDJIGV');

insert into tb_language (la_nid, la_vname, la_vlocalname, la_vdescription) values (2, '4AWDSCQ2XCTUKSYNJXG597GMHME3MJK5UKFXQU31CUXGS2QMSU7NVLHE7W25WDB1MXK3RM 9JANUHAN8QNA3J 4N87CSDNW97MTK', 'PSNB3I0KB Q356UV90PAJJK5TKDH5G7L4PV3OCL7NPAWPE0VPIFWJATB0TEXQLE8IQQW5P2ME4CMKLB8UHRC6 X GNARD6FPBTOS', 'PJ TEDYOO9U28HE7OTSYM929LOP1EFOHEA3 TULHU JGPEEI7G6L0 CUCU997X3TRLXS11GBRQ2E5BA2S C656QG088WIK4 OXA1OEJF1XI JP0I1 WDLM89CTY9LO6 EYH26YWWM4FRKPG9S6X3LOXCEQA4M6OREHEJNGMRO1XNQ1KP5F0R8FWNI9KJFN45EFDK3ATXNIOXA5E4ISB7CJ938VQ2PC0UHXDN7HL9ALTDC3WPLGILKF7FG57NW6UI 9SOJQ5HLG23OM6KCQUJA2VEDV L8P8PITN0EDOAWGONY49N1513P5HKFYJOQ5SWW7FBUFE5S1D JNBX5DDOT1BHBFW15D2EE56SQKLM4XHGNWH5K7M3DOMI1LN84WTHFJHWQ3J 1VUT97W3BM6LVRQ YRV9YXODPGFN9 KK VS92LTDSQVTNKY5JJ7FTAD282NCIV0JN08CMRFHOV4UT1P4PKTKLIOMDQCQH1B 1LK08 1VVEU48TC LQCU0PDWN 50YGVWF1TP AYXM HHJ6BMK12UIPAPXICQGO35DXD7RBIUEC28814WCNPLE 8QC4NUB ILO0BP7B1T0E40H 8LWVJFPN4LCTDRNANWH77TRAYVI7OYC86DI8E88IVSLQC9D6 P7J2JMSP08 CHJPISOBL6LYES45XJ5U5JH9JAR5P3T38KO UB9X2W74PV6J 5F6QTBPRW18HX54 F37RDB15E6PRAAJW5GPDWWFEMXNJ5FPSUWAY79PU5I6N6AVOX8NQ T3O1SMFE3QCV1R30R9KYWJDLAHSBKUI9TJB9S0Q6Y5X36RWXQ1D3VK3HOH7I2TGR0RLORE2U069DS44YFNR7QKXP41H52OBGRWA6G 3RJ3P25EI CUSDJM 1LLQ9PAW7PAQ09MH46D2X9OXU9H205EJ5BPHBX40SSDTVHTX2TNP2YR698LP068RMT1X5FAJW8RWS5Q5LJOJ2T54VOEEN24WXUHP0PLC3H9WA07 PUG0W9XO859AN0QAG');

insert into tb_language (la_nid, la_vname, la_vlocalname, la_vdescription) values (0, 'XT998P6WDGW9HERPYH4L5UBUVYOR KP0IOF WRMBIR6RSVNJ3INUDV8 M1OV7BSY6NGPWU7R6KPCCE1M6IGF3Y8T1UECV3PUTAT6', 'JOGXHGFX0AJSJRL44QPY3NLKGAD1QK3R7IDKRM1BK22PCQWNCWHFK2WWN4UNQ8HMSJYHR6UC3QQMOJNA5V60CRS5Y10C4SA85BSX', 'J11J0HCWCRB7QP66F12VEVTRLN510D6H7WMUE1IOVE3WMELSBP6S7FGT896DS0 AJDQDQ1TREER0U227QTEUDNLOIX6HW92WE 50KV9CJ5DOC5IYA AKFAAG6LGROETD1B71CMWK77HEVRUKSWX0NRKAAEVV7DOMW8R57 SFJA83UP2CEGWI33K45OTXER5HSN6G5E3V0A93LB3NIPFWM0DTDT5HWUPOQODFVUVQE6P55R0LSS4DVV57UHCH6IXU1LT0X2DQO7BCDPUB838K8P2YQDD7GABJCTGIKDQK7NB9WKOS23HHV6DOGGQHQFJ8JYTMXS7QI2GU2EMYUG6JTMAVRRFEST68RPYITY2RH12F4WTLC03LS13YMK2J9XXVI0FPX8LXAFXT0EGGPQKUB339E7PVF0GAHUB5NK4LB5F4GXR49PH Q1O L9 RHVIJQHA67K WBDH 06X5O9815W5B2E20A0TNI9IJLKMXACGBYG9 WTRGE8Y8 HMRLL6HEONFKIEOGIDKEQ1Y4 I45BIPQJXMUFFUAFXDOYS1DFNH8OMCWHGAV4AL0QNKC DGBC5D96ATXVCA2JD9Y86MS7TOSC522DXWVEKSF3DR7Q0KDCNSDBP9VSKKCW6UWD POR0E2AMGM3PDBMXWHYMMXS4U7046FFIAPPUFVXLET412XOMGYI1NIR316HUN1NGY8PYG9 W2S76I E99NILLYX3GD9QBVRU0TCQHIW6SQVSY1FB0QOI8F4QG6FRLW5OI9E5XMX3S8S1 FXE9QTHMTWR69ADCUX2KOTOLDXC72UPO9T2IDYQBTEVRJ7LS8R33HNAPECN5B 1GGNX8O927VHS79RXLC2W B6LX1ETICCU7PLMN 0SOANBFYQGS9UMY5QL8EVM7SAF6GJU1TPPE2097CYSVUSGQ6WY4G9U L9O1X0AJ4 7K0EGCKH0QP8MU EREWPEJ U V74P41L6QQ9SEXJTL96EUB2PC7Y5GFV951RVR H2TMP5 3FD6QA21');

insert into tb_fraze (fr_nid, la_nid, fr_vname, fr_vlocalname, fr_psound) values (2, 0, '68FF2UWJJENRG1XPB55WSL8ERLAEE9T9LV4YH3 EOOIX06 40JJBNGY6QNUC DWS9DASLDX6P8OTMJDR6TIG1DDXHY0RGR7JLQ6L', '156GYAMD3XC8M4M34BRHMG2PDCPGHQ118HM9QOMFMTPT852PDTRAMO51SL680NSIDX0CM2P0JT5XR014MTRQQKD6UQJQXLRGM6J9', '9RK25YQFHDTP822R9A5M6ABF06D8UACSPSHQMFVR33FAFEWPLYA0 X8EMCCM OC4YA9HL4 18FNI RDDK3HM273598RT6OENLN8P');

insert into tb_fraze (fr_nid, la_nid, fr_vname, fr_vlocalname, fr_psound) values (1, 3, 'PW2 N70 ULSSRGU21EQ43JRSO6TH2W76OFMHMLQ5UARYOTQ09W5QMEHQ0ON53P7HW1K3PC957XJOW6IDVOGJ8EP0ETCV8V6L98KV', '7XRLNPN02FTVLFNG9AMXFGW EFK96TQOM3IBT3EPJFF50NJ95EFQCDL81FMWCBEIJTFXXNWR3KOROGX1TU7PJ39S2B51E3MQ4RSW', '2CI916D3024749FPWVWTUBDTI59DVJFJ2A4L7J8FO11TPEI40I0NSJPD7SXHF5ONN0TGX5KH5F8Y9T0H0Q 2582TF9QCI0LGVISA');

insert into tb_fraze (fr_nid, la_nid, fr_vname, fr_vlocalname, fr_psound) values (4, 2, '19D25870IQXAJY9V1DE98ICG01GU7X7GS430CDKPJLW4HB0R8YN8J5XJ RNLRFR86JOE1VA61PQDFTUV1TXTRF1BQHNFEGC7F4RO', 'MPXWME4FGXO4816WLQ3O6S2172725BVB8N90VLET03G0OVG80TC5C5U2OAQ1 LRPG6L029D4XY11QK7W 8GEWF0G7NRRV0G5CCX3', 'Y N MT7JAAXYG SOD2J5F48EX2M0WRLRKJE8EPNOTX2G LI6H7Y0HUBBXNX0TH2PJLL8PJLJFCYHATOH46 RUR4XDKGTTG939ERN');

insert into tb_fraze (fr_nid, la_nid, fr_vname, fr_vlocalname, fr_psound) values (3, 1, '0OQF51WPOVRJQEY4 JJNXKN456R0SA7HJ5360E9X1AJRJ6RCQ0Y37A2KL2O0KE4NG1BRTGV0TCO7TFMW3TNT9SNRV4J53R 54J78', 'R0AS19919M43DRC B8Y9V5JU8JAUIO07IFOHN8RF8I73IKP583FQC70II1W612FUW0C0NJUANIQC9AYS7FB8POYP8B5OKTJ9K5GA', 'WLBK8H 90VYNCW2CU726MYYF5BL1KL7Q94D9TPAKWTEVRRCEVBW6JE J0JOTV91I89NCDSSYQNBILIV7A6K8KVTFOLHV3T5J518M');

insert into tb_fraze (fr_nid, la_nid, fr_vname, fr_vlocalname, fr_psound) values (0, 2, 'RV43WNH5UD3AQBRNT7F KNI3PJH3G77926OFOA3K2619SB73NGOIVEN2TULQU1P41TGI4OC2UVKNY OBIH XGLN2TMLIADQUX4OV', 'H5REHW7G3WDEWLV9MR  V091CLGA52BF1JE4RSH7WTY6YTOIC3EM0RO30J3HB1NPSJJKL7OI6VI048GULQBH825UU740T4DIRENF', 'WTW47N56DPIW8 3NY0T6643 MEQI50MCO0HWT08KX395VL1YJHF2NE9PFHE7V T 8JXAIC2P8BH4RVSQASL9806T4GIB1MX9MLXQ');

insert into tb_type (ty_nid, ty_vname) values (1, 'DUFGFHAG9A6B40RJVVDIBOJJVV21KW');

insert into tb_type (ty_nid, ty_vname) values (2, '7BC2AROHJ12UABV19PHCEPHK7Q8C4A');

insert into tb_type (ty_nid, ty_vname) values (3, '49CRRXX2MFXBSUNIE 4QPPJLKIBC8I');

insert into tb_type (ty_nid, ty_vname) values (4, 'TVLB3G18 QJCSUPHPUXRO0LC9FG3RU');

insert into tb_type (ty_nid, ty_vname) values (0, '4DP5WU9BPPML66P5D4ICIMIW3KTUL0');

insert into tb_tags (ta_nid, ta_vname) values (2, 'D91OGRA 7X3H2I0UYJKESFAB6');

insert into tb_tags (ta_nid, ta_vname) values (0, '73HQO4EYXYDA8CLANGGO5LHVT');

insert into tb_tags (ta_nid, ta_vname) values (4, 'P6403LNQ8ERHVFWB3W  XH4MS');

insert into tb_tags (ta_nid, ta_vname) values (3, '3JFYTBQGBN29R12K5RRD4BSHR');

insert into tb_tags (ta_nid, ta_vname) values (1, '9QHIK6WWHFTMHM4IL 5SL8M8I');

insert into tb_coutrylanguage (co_vid, la_nid) values ('   ', 4);

insert into tb_coutrylanguage (co_vid, la_nid) values ('  0', 3);

insert into tb_coutrylanguage (co_vid, la_nid) values ('  1', 1);

insert into tb_coutrylanguage (co_vid, la_nid) values ('  2', 2);

insert into tb_coutrylanguage (co_vid, la_nid) values ('  3', 0);

insert into tb_tagcity (ta_nid, ci_vid) values (2, 1);

insert into tb_tagcity (ta_nid, ci_vid) values (0, 0);

insert into tb_tagcity (ta_nid, ci_vid) values (4, 2);

insert into tb_tagcity (ta_nid, ci_vid) values (3, 4);

insert into tb_tagcity (ta_nid, ci_vid) values (1, 3);

insert into tb_tagcountry (ta_nid, co_vid) values (2, '   ');

insert into tb_tagcountry (ta_nid, co_vid) values (0, '  0');

insert into tb_tagcountry (ta_nid, co_vid) values (4, '  1');

insert into tb_tagcountry (ta_nid, co_vid) values (3, '  2');

insert into tb_tagcountry (ta_nid, co_vid) values (1, '  3');

insert into tb_place (pl_nid, ci_nid, ty_nid, pl_vname, pl_vlocalname, pl_nlongitude, pl_nlatitude) values (1, 4, 4, 'B10MPP5CD67S2WDAY1C04F2X 1Y3CJ7G80OAQLWFEE2FUTMW0WF IC6GWWY80FCOB8MR5NXEJ STLANEFH306YL07FJ1N3BV6XIG', 'M P19KM5SC9OYOL2NJF5UNOL4ISNIOQ2 I2HH6Y3IXOJI8X QAWYX0XJL9GRAF QDY2WV0PR 5F OPF0WWRM3V99GX4J7JMY2I9 ', 2, 2);

insert into tb_place (pl_nid, ci_nid, ty_nid, pl_vname, pl_vlocalname, pl_nlongitude, pl_nlatitude) values (4, 0, 4, '2VE0T24UUYXPU4KSEOBTEDK3G1WXFL3AY360731YK7LPRG6GVQY5UU2N4JIRK0BOPVP7HSM245EANEGRO2UCV67EQNAB 78NMM5F', 'MLGPX66755YSEQ53T65RTCKUP1UDCQBXF9EHYGRY2J0 FHAVWOL4RNP8LOHPCF3GA5HNIS6EXKSB32LXLVDF86NO432P4NKVO58T', 1, 1);

insert into tb_place (pl_nid, ci_nid, ty_nid, pl_vname, pl_vlocalname, pl_nlongitude, pl_nlatitude) values (0, 1, 3, 'G44PBSRHU50YBGYQN2CMP6 L J3PEHAJRFXW9ST9M5QTOFXQBDY4YQ KSMCW4CKG 8N7KP8N57KO3B0QVBN6RQEBHCISC 42JE P', 'CJCSE0CHAYN78VUABD3YI4QC32HJVIKQY68BF5SILCDE8S5IGFCGN6N8WI3W0CA7NTA 9E5YAVN5 4EJ UCE5SP08ULUD8J UJCH', 3, 3);

insert into tb_place (pl_nid, ci_nid, ty_nid, pl_vname, pl_vlocalname, pl_nlongitude, pl_nlatitude) values (2, 0, 3, '8RHPIBOC98558E9OTBWW5WAIXUPDV0S N2KJMUB7A2YI8DP08HWFNPKP89PC7J49LH68FCX7QHNAN951HYG1VKDJ 79 QL65BKQ ', ' RNDQQ3UOIPBG3R1JO6366 S22Y99CXKMLM OX UD E8UIYOARIC4CT57YFQ4U500EMHB7AK3TV8I6WLP8AB02EBOB M0LVNY3B2', 0, 0);

insert into tb_place (pl_nid, ci_nid, ty_nid, pl_vname, pl_vlocalname, pl_nlongitude, pl_nlatitude) values (3, 4, 4, 'PQ5QIW501FUAH97WJGWPBL1DL79WET8Y45QS L090H6OLNK8BPGGS1GLQLX8VDDDA2LVVJFN0ARQHAH8PWKJCVLQ4ATG57GHQ6S ', '64KHPKPUB 742L9X1QOSCUQNXTJC6SHJ814221O2DK6MHNCQXL61YH249J9XAW65W1UTTENFDCSH3GLSQN6M7JEUTMUDS5IQX1BA', 4, 4);

insert into tb_tagplace (ta_nid, pl_vid) values (2, 1);

insert into tb_tagplace (ta_nid, pl_vid) values (0, 4);

insert into tb_tagplace (ta_nid, pl_vid) values (4, 0);

insert into tb_tagplace (ta_nid, pl_vid) values (3, 2);

insert into tb_tagplace (ta_nid, pl_vid) values (1, 3);

insert into tb_user (us_vemail, co_vid, us_vpassword, us_vname, us_vsurname) values ('T 5V5JVOKW2VJL6VXEIKXE9FOD899QFXIKO332U5KVNLWMIQO2SB5G8T08QRUNR3KNM4OK K8ONI0GHUDQT 9YQA6HI01Q4FI3TP', '   ', 'W7XY9P8Y4043SXOSYIER58LEQM2N38', 'HT6E8NE19SX40MQEXHRR0XTQYJUWEC', '2XR6DLKXSIDABLA796H7XLS4IG7P8J');

insert into tb_user (us_vemail, co_vid, us_vpassword, us_vname, us_vsurname) values ('UHACIM9IEPEFPJ7VNXS1TD0YETED6GPNGJTFQW6KIAR6QHB9MRJS0YEJAWQXV4FS9RTBPFVMOFAD C2JC3CS82DQ1CCLC8T VDQ2', '   ', 'QJYJPIADIM7LNBOSEJ 77PJB1G TMB', '71OM71S0T82YHNWAP3DV1FU3QT H P', '5KS2N7COSPJIBVDUB63DTQW8M7YAQ2');

insert into tb_user (us_vemail, co_vid, us_vpassword, us_vname, us_vsurname) values ('KYFO7JSQCN42YUPUCBDLTRMGMQB4X 47Y KQ8E7N4PQ9H779O3G3S1529C 5UFOTTRPWT3PX2OVKTOPWVLCDXDMJ7JN00SAIKEV9', '  2', '4IQUY4DHV0XQFFFU9UYTP2WADVN VT', 'P15DUGTR47U8XJ82RHP8BVD1UE1LUX', '2 S3SAHOA0LKQ4FLI1PITW5QELBOMM');

insert into tb_user (us_vemail, co_vid, us_vpassword, us_vname, us_vsurname) values (' VJX8D3FT0551RFI88XIPMOQPJ G PSWJE8L7INE79MXPBQMGB25KM694B CACU CIBCWIH MQENRTYXEO87VDWQC3LD3P1P1EL6', '  1', 'BQ1ILR3QTFIBN1QWH X1OO4CQR8FBM', 'AUE0XWO3H2KD50XEO7QMWF4B9I7LXL', 'JJRAMIOYH4S4T6I9B6YVNOBGI8HTR ');

insert into tb_user (us_vemail, co_vid, us_vpassword, us_vname, us_vsurname) values ('OM3RL3WCIJGLPMRU7J65D5CAF 1A9HXJ8VRBL5QHPJ8UXQ5VHH3P5 VCP56 IIGHR0BB05M4GQXYHV2L3EDHFF0ERYH26GDMTMAD', '  2', '2IGTBQX8T6ATR9BO KQQUXKTMO3 C3', '5W8UJ5E9VPXQI5C6H6CIJUSQA XJ4C', 'B7GUFBHLI7K5DPGUCM3BS9LNTJLC38');

insert into tb_userplace (us_vemail, pl_nid, up_nrating) values ('T 5V5JVOKW2VJL6VXEIKXE9FOD899QFXIKO332U5KVNLWMIQO2SB5G8T08QRUNR3KNM4OK K8ONI0GHUDQT 9YQA6HI01Q4FI3TP', 1, 1);

insert into tb_userplace (us_vemail, pl_nid, up_nrating) values ('UHACIM9IEPEFPJ7VNXS1TD0YETED6GPNGJTFQW6KIAR6QHB9MRJS0YEJAWQXV4FS9RTBPFVMOFAD C2JC3CS82DQ1CCLC8T VDQ2', 4, 3);

insert into tb_userplace (us_vemail, pl_nid, up_nrating) values ('KYFO7JSQCN42YUPUCBDLTRMGMQB4X 47Y KQ8E7N4PQ9H779O3G3S1529C 5UFOTTRPWT3PX2OVKTOPWVLCDXDMJ7JN00SAIKEV9', 0, 2);

insert into tb_userplace (us_vemail, pl_nid, up_nrating) values (' VJX8D3FT0551RFI88XIPMOQPJ G PSWJE8L7INE79MXPBQMGB25KM694B CACU CIBCWIH MQENRTYXEO87VDWQC3LD3P1P1EL6', 2, 0);

insert into tb_userplace (us_vemail, pl_nid, up_nrating) values ('OM3RL3WCIJGLPMRU7J65D5CAF 1A9HXJ8VRBL5QHPJ8UXQ5VHH3P5 VCP56 IIGHR0BB05M4GQXYHV2L3EDHFF0ERYH26GDMTMAD', 3, 4);

insert into tb_usercity (us_vemail, ci_nid, uc_nrating) values ('T 5V5JVOKW2VJL6VXEIKXE9FOD899QFXIKO332U5KVNLWMIQO2SB5G8T08QRUNR3KNM4OK K8ONI0GHUDQT 9YQA6HI01Q4FI3TP', 1, 1);

insert into tb_usercity (us_vemail, ci_nid, uc_nrating) values ('UHACIM9IEPEFPJ7VNXS1TD0YETED6GPNGJTFQW6KIAR6QHB9MRJS0YEJAWQXV4FS9RTBPFVMOFAD C2JC3CS82DQ1CCLC8T VDQ2', 0, 3);

insert into tb_usercity (us_vemail, ci_nid, uc_nrating) values ('KYFO7JSQCN42YUPUCBDLTRMGMQB4X 47Y KQ8E7N4PQ9H779O3G3S1529C 5UFOTTRPWT3PX2OVKTOPWVLCDXDMJ7JN00SAIKEV9', 2, 4);

insert into tb_usercity (us_vemail, ci_nid, uc_nrating) values (' VJX8D3FT0551RFI88XIPMOQPJ G PSWJE8L7INE79MXPBQMGB25KM694B CACU CIBCWIH MQENRTYXEO87VDWQC3LD3P1P1EL6', 4, 0);

insert into tb_usercity (us_vemail, ci_nid, uc_nrating) values ('OM3RL3WCIJGLPMRU7J65D5CAF 1A9HXJ8VRBL5QHPJ8UXQ5VHH3P5 VCP56 IIGHR0BB05M4GQXYHV2L3EDHFF0ERYH26GDMTMAD', 3, 2);

